Top queries,Clicks,Impressions,CTR,Position
diesel roadside assistance near me,3,8,0.375,3.62
aa trust roadside assistant services llc,2,22,0.0909,1.64
roadside assistance near me,1,5,0.2,13.4
diesel mechanic near me,1,4,0.25,7.75
mobile tire repair near me,1,1,1.0,11.0
24/7 tire shop near me,1,1,1.0,15.0
aa accurate truck & tire repair,0,3,0.0,43.33
aa,0,2,0.0,7.0
jump my car near me,0,2,0.0,8.0
aa roadside assistance number,0,1,0.0,1.0
engine services near me,0,1,0.0,1.0
roadside,0,1,0.0,1.0
roadside repair service,0,1,0.0,1.0
road service cerca de mi ubicación,0,1,0.0,4.0
roadside assistance,0,1,0.0,4.0
24/7 diesel repair,0,1,0.0,5.0
truck tire repair near me,0,1,0.0,6.0
24 hour truck roadside assistance near me,0,1,0.0,7.0
tire repair near me open now,0,1,0.0,7.0
24/7 roadside repair,0,1,0.0,8.0
a.a,0,1,0.0,8.0
tire repair near me,0,1,0.0,10.0
mobile fleet service near me,0,1,0.0,11.0
mobile diagnostics near me,0,1,0.0,15.0
mobile flat tire repair near me,0,1,0.0,24.0
computer repair palm coast,0,1,0.0,37.0
mobile tire repair gainesville fl,0,1,0.0,40.0
truck emergency road service gainesville,0,1,0.0,68.0
aa emergency roadside assistance,0,1,0.0,70.0
asap diesel repair & roadside,0,1,0.0,76.0
aa roadside,0,1,0.0,89.0
mechanic near me,0,1,0.0,107.0
